seller_id,orders,late_handoffs,late_rate,late_rate_outside_spike
7c67e1448b00f6e969d365cea6b010ab,970,289,0.2979381443298969,0.29464285714285715
1025f0e2d44d7041d6cf58b6550e0bfa,884,161,0.18212669683257918,0.19718309859154928
4a3ca9315b744ce9f8e9374361493884,1706,154,0.09026963657678781,0.0894418291862811
1f50f920176fa81dab994f9023523100,1369,151,0.11029948867786706,0.07167530224525043
3d871de0142ce09b7081e2b9d1733cb1,1058,140,0.1323251417769376,0.13257965056526208
06a2c3af7b3aee5d69171b0e14f0ee87,391,123,0.3145780051150895,0.2920353982300885
88460e8ebdecbfecb5f9601833981930,227,116,0.5110132158590308,0.26277372262773724
53e4c6e0f4312d4d2107a8c9cddf45cd,451,95,0.2106430155210643,0.2094240837696335
8160255418d5aaa7dbdc9f4c64ebda44,360,93,0.25833333333333336,0.3048327137546468
92eb0f42c21942b6552362b9b114707d,334,88,0.2634730538922156,0.25
ea8482cd71df3c1969d7b9473ff13abc,1130,88,0.07787610619469026,0.07237635705669482
7d13fca15225358621be4086e1eb0964,555,84,0.15135135135135136,0.14988290398126464
4c2b230173bb36f9b240f2b8ac11786e,256,83,0.32421875,0.31840796019900497
37515688008a7a40ac93e3b2e4ab203f,222,79,0.35585585585585583,0.3645320197044335
7aa4334be125fcdd2ba64b3180029f14,214,78,0.3644859813084112,0.3644859813084112
b2ba3715d723d245138f291a6fe42594,324,77,0.23765432098765432,0.2195945945945946
85d9eb9ddc5d00ca9336a2219c97bb13,504,66,0.13095238095238096,0.09777777777777778
4869f7a5dfa277a7dca6462dcf3b52b2,1118,62,0.055456171735241505,0.06666666666666667
c70c1b0d8ca86052f45a432a38b73958,258,61,0.2364341085271318,0.2364341085271318
1ca7077d890b907f89be8c954a02686a,112,60,0.5357142857142857,0.5054945054945055
2eb70248d66e0e3ef83659f71b244378,186,60,0.3225806451612903,0.31213872832369943
da8622b14eb17ae2831f4ac5b9dab84a,1275,57,0.04470588235294118,0.051899907321594066
46dc3b2cc0980fb8ec44634e21d2718e,507,56,0.11045364891518737,0.11156186612576065
855668e0971d4dfd7bef1b6a4133b41b,304,56,0.18421052631578946,0.17843866171003717
620c87c171fb2a6dd6e8bb4dec959fc6,729,55,0.07544581618655692,0.08235294117647059
70a12e78e608ac31179aea7f8422044b,309,54,0.17475728155339806,0.16862745098039217
a49928bcdf77c55c6d6e05e09a9b4ca5,95,54,0.5684210526315789,0.5393258426966292
e9bc59e7b60fc3063eb2290deda4cced,204,54,0.2647058823529412,0.22826086956521738
213b25e6f54661939f11710a6fddb871,138,53,0.38405797101449274,0.3816793893129771
d91fb3b7d041e83b64a00a3edfb37e4f,530,52,0.09811320754716982,0.11037527593818984
d2374cbcbb3ca4ab1086534108cc3ab7,497,49,0.09859154929577464,0.0958904109589041
4e922959ae960d389249c378d1c939f5,419,48,0.11455847255369929,0.11271676300578035
f4aba7c0bca51484c30ab7bdc34bcdd1,109,48,0.44036697247706424,0.44036697247706424
1c129092bf23f28a5930387c980c0dfc,186,48,0.25806451612903225,0.2781456953642384
fa1c13f2614d7b5c4749cbc52fecda94,570,47,0.0824561403508772,0.08048289738430583
128639473a139ac0f3e5f5ade55873a5,525,46,0.08761904761904762,0.08872901678657075
cca3071e3e9bb7d12640c9fbe2301306,675,45,0.06666666666666667,0.06605222734254992
8b321bb669392f5163d04c59e235e066,929,45,0.04843918191603875,0.022328548644338118
a7f13822ceb966b076af67121f87b063,75,45,0.6,0.6
dd7ddc04e1b6c2c614352b383efe2d36,115,44,0.3826086956521739,0.41237113402061853
79ebd9a61bac3eaf882805ed4ecfa12a,125,43,0.344,0.3402061855670103
54965bbe3e4f07ae045b90b0b8541f52,75,41,0.5466666666666666,0.5466666666666666
b1fc4f64df5a0e8b6913ab38803c57a9,99,41,0.41414141414141414,0.48
e9779976487b77c6d4ac45f75ec7afe9,637,41,0.06436420722135008,0.061567164179104475
e5a3438891c0bfdb9394643f95273d8e,221,40,0.18099547511312217,0.21301775147928995
4d6d651bd7684af3fffabd5f08d12e5a,362,40,0.11049723756906077,0.0948905109489051
8e6cc767478edae941d9bd9eb778d77a,103,37,0.3592233009708738,0.3627450980392157
9c0e69c7bf2619675bbadf47b43f655a,140,34,0.24285714285714285,0.2601626016260163
c31eff8334d6b3047ed34bebd4d62c36,118,33,0.2796610169491525,0.2616822429906542
710e3548e02bc1d2831dfc4f1b5b14d4,130,32,0.24615384615384617,0.1595744680851064
7a67c85e85bb2ce8582c35f2203ad736,1134,31,0.027336860670194002,0.023
391fc6631aebcf3004804e51b40bcf1e,495,31,0.06262626262626263,0.06572769953051644
431af27f296bc6519d890aa5a05fdb11,115,31,0.26956521739130435,0.29245283018867924
827f8f69dfa529c561901c4f2e0f332f,91,31,0.34065934065934067,0.3181818181818182
8e6d7754bc7e0f22c96d255ebda59eba,78,31,0.3974358974358974,0.15
36a968b544695394e4e9d7572688598f,147,30,0.20408163265306123,0.1958041958041958
23613d49c3ac2bd302259e55c06c050c,63,28,0.4444444444444444,0.4444444444444444
48436dade18ac8b2bce089ec2a041202,133,28,0.21052631578947367,0.21875
ef506c96320abeedfb894c34db06f478,315,27,0.08571428571428572,0.08275862068965517
634964b17796e64304cadf1ad3050fb7,260,27,0.10384615384615385,0.10204081632653061
972d0f9cf61b499a4812cf0bfa3ad3c4,77,27,0.35064935064935066,0.49056603773584906
b499c00f28f4b7069ff6550af8c1348a,144,27,0.1875,0.2033898305084746
b14db04aa7881970e83ffa9426897925,79,27,0.34177215189873417,0.38571428571428573
04308b1ee57b6625f47df1d56f00eedf,94,26,0.2765957446808511,0.2982456140350877
25c5c91f63607446a97b143d2d535d31,147,25,0.17006802721088435,0.15671641791044777
bbad7e518d7af88a0897397ffdca1979,65,25,0.38461538461538464,0.3392857142857143
7e93a43ef30c4f03f38b393420bc753a,320,25,0.078125,0.08143322475570032
53243585a1d6dc2643021fd1853d8905,352,24,0.06818181818181818,0.06609195402298851
c826c40d7b19f62a09e2d7c5e7295ee2,351,24,0.06837606837606838,0.10550458715596331
cab85505710c7cb9b720bceb52b01cee,204,24,0.11764705882352941,0.12290502793296089
98dac6635aee4995d501a3972e047414,82,23,0.2804878048780488,0.3181818181818182
6973a06f484aacf400ece213dbf3d946,80,23,0.2875,0.15217391304347827
3db66a856d18a9cba7c9241fc5221c50,93,23,0.24731182795698925,0.20238095238095238
17e34d8224d27a541263c4c64b11a56b,253,23,0.09090909090909091,0.0881057268722467
cac4c8e7b1ca6252d8f20b2fc1a2e4af,70,22,0.3142857142857143,0.3333333333333333
17a053fcb14bd219540cbde0df490be0,123,22,0.17886178861788618,0.1414141414141414
87142160b41353c4e5fca2360caf6f92,301,22,0.07308970099667775,0.06382978723404255
6039e27294dc75811c0d8a39069f52c0,63,22,0.3492063492063492,0.391304347826087
8444e55c1f13cd5c179851e5ca5ebd00,91,22,0.24175824175824176,0.24096385542168675
7d76b645482be4a332374e8223836592,172,22,0.12790697674418605,0.12949640287769784
a673821011d0cec28146ea42f5ab767f,116,21,0.1810344827586207,0.1574074074074074
adbc26658d6c7b4b6219f9d934598091,86,21,0.2441860465116279,0.29577464788732394
1900267e848ceeba8fa32d80c1a5f5a8,363,21,0.05785123966942149,0.06397306397306397
16090f2ca825584b5a147ab24aa30c86,401,21,0.05236907730673317,0.0625
897060da8b9a21f655304d50fd935913,303,20,0.066006600660066,0.056768558951965066
8581055ce74af1daba164fdbd55a40de,382,20,0.05235602094240838,0.043343653250773995
e62b2d6ac10570a035a30bafcf01d263,60,19,0.31666666666666665,0.2702702702702703
7178f9f4dd81dcef02f62acdf8151e01,202,19,0.09405940594059406,0.1
7142540dd4c91e2237acb7e911c4eba2,314,19,0.06050955414012739,0.05737704918032787
6c177e38df6d3f34182b1f1d427231bf,55,19,0.34545454545454546,0.37254901960784315
6fd52c528dcb38be2eea044946b811f8,67,19,0.2835820895522388,0.2
fe2032dab1a61af8794248c8196565c9,289,19,0.0657439446366782,0.07392996108949416
f84fa566034f5e8e880a07ec624c56af,91,19,0.2087912087912088,0.075
a416b6a846a11724393025641d4edd5e,157,19,0.12101910828025478,0.1111111111111111
f80edd2c5aaa505cc4b0a3b219abf4b8,111,19,0.17117117117117117,0.17647058823529413
e067ad2c1c0b48758eb1b5228bcf7a68,54,18,0.3333333333333333,0.3
0c8380b62e38e8a1e6adbeba7eb9688c,172,18,0.10465116279069768,0.10059171597633136
fa1a9dec3a9940c072684a46728bf1fc,51,18,0.35294117647058826,0.3695652173913043
cd68562d3f44870c08922d380acae552,122,18,0.14754098360655737,0.15454545454545454
beadbee30901a7f61d031b6b686095ad,63,18,0.2857142857142857,0.2857142857142857
6d66611d7c44cc30ce351abc49a68421,161,18,0.11180124223602485,0.1048951048951049
f46490624488d3ff7ce78613913a7711,83,18,0.21686746987951808,0.21686746987951808
76d5af76d0271110f9af36c92573f765,128,18,0.140625,0.13793103448275862
f27e33c6d29b5138fa9967bcd445b6d5,91,18,0.1978021978021978,0.18181818181818182
70c27847eca8195c983ed7e798c56743,75,17,0.22666666666666666,0.22666666666666666
94144541854e298c2d976cb893b81343,68,17,0.25,0.22727272727272727
59fb871bf6f4522a87ba567b42dafecf,125,17,0.136,0.1452991452991453
0adac9fbd9a2b63cccaac4f8756c1ca8,105,17,0.1619047619047619,0.16853932584269662
2138ccb85b11a4ec1e37afbd1c8eda1f,379,17,0.044854881266490766,0.03888888888888889
2528513dd95219a6013d4d05176e391a,147,17,0.11564625850340136,0.13675213675213677
1bb2bdb95f4841f1bba2c0d2cd83d3c9,80,17,0.2125,0.25862068965517243
cfb1a033743668a192316f3c6d1d2671,129,16,0.12403100775193798,0.13114754098360656
e9d99831abad74458942f21e16f33f92,129,16,0.12403100775193798,0.13008130081300814
dd2bdf855a9172734fbc3744021ae9b9,106,16,0.1509433962264151,0.1509433962264151
218d46b86c1881d022bce9c68a7d4b15,376,16,0.0425531914893617,0.0528169014084507
96493fab2fbb13a14d0c0e8772eef5c3,63,16,0.25396825396825395,0.23076923076923078
44073f8b7e41514de3b7815dd0237f4f,142,16,0.11267605633802817,0.1037037037037037
d20b021d3efdf267a402c402a48ea64b,74,15,0.20270270270270271,0.16666666666666666
0dd184061fb0eaa7ca37932c68ab91c5,156,15,0.09615384615384616,0.0761904761904762
5058e8c1e82653974541e83690655b4a,59,15,0.2542372881355932,0.24489795918367346
a888faf2d1baececa6baf9c3d603ee1f,53,15,0.2830188679245283,0.2830188679245283
900ba814c251a692506d7834c1218441,86,15,0.1744186046511628,0.17567567567567569
891071be6ba827b591264c90c2ae8a63,84,15,0.17857142857142858,0.1917808219178082
712e6ed8aa4aa1fa65dab41fed5737e4,79,15,0.189873417721519,0.234375
fa40cc5b934574b62717c68f3d678b6d,301,15,0.04983388704318937,0.05363984674329502
dc4a0fc896dc34b0d5bfec8438291c80,217,14,0.06451612903225806,0.06280193236714976
1d8dbc4f32378d715c717c1c1fc57bae,88,14,0.1590909090909091,0.17567567567567569
0db783cfcd3b73998abc6e10e59a102f,130,14,0.1076923076923077,0.11403508771929824
ef0ace09169ac090589d85746e3e036f,126,13,0.10317460317460317,0.12222222222222222
1a3df491d1c4f1589fc2b934ada68bf2,166,13,0.0783132530120482,0.08904109589041095
f5a590cf36251cf1162ea35bef76fe84,114,13,0.11403508771929824,0.12
5dceca129747e92ff8ef7a997dc4f8ca,319,13,0.04075235109717868,0.03496503496503497
7a241947449cc45dbfda4f9d0798d9d0,57,13,0.22807017543859648,0.24074074074074073
1c68394e931a64f90ea236c5ea590300,132,13,0.09848484848484848,0.0625
cc419e0650a3c5ba77189a1882b7556a,1687,13,0.007705986959098993,0.00867244829886591
9d5a9018aee56acb367ba9c3f05d1d6a,66,12,0.18181818181818182,0.18461538461538463
f8db351d8c4c4c22c6835c19a46f01b0,653,12,0.018376722817764167,0.019704433497536946
45d33f715e24d15a6ccf5c17b3a23e3c,51,12,0.23529411764705882,0.24
f0b47fbbc6dee9aafe415a6e33051b3f,65,12,0.18461538461538463,0.18461538461538463
001cca7ae9ae17fb1caed9dfb1094831,199,12,0.06030150753768844,0.047619047619047616
e8b3a3a38279a82f0e5d006d5e5b7d2c,79,12,0.1518987341772152,0.21428571428571427
05f51e13da97139648b8125c31e5f51b,58,12,0.20689655172413793,0.2
b2479f944e1b90cf8a5de1bbfde284d6,100,12,0.12,0.06153846153846154
4b9750c8ad28220fe6702d4ecb7c898f,215,12,0.05581395348837209,0.056179775280898875
a6fe7de3d16f6149ffe280349a8535a0,51,12,0.23529411764705882,0.14634146341463414
66922902710d126a0e7d26b0e3805106,149,12,0.08053691275167785,0.09565217391304348
6560211a19b47992c3666cc44a7e94c0,1817,11,0.006053935057787562,0.005991611743559017
062ce95fa2ad4dfaedfc79260130565f,52,11,0.21153846153846154,0.21153846153846154
318f287a62ab7ac10b703ac37435a231,52,11,0.21153846153846154,0.18181818181818182
42b729f859728f5079499127a9c2ef37,102,11,0.10784313725490197,0.08433734939759036
a3e9a2c700480d9bb01fba070ba80a0e,119,11,0.09243697478991597,0.1
701938c450705b8ae65fc923b70f35c7,75,11,0.14666666666666667,0.15714285714285714
75d34ebb1bd0bd7dde40dd507b8169c3,57,11,0.19298245614035087,0.17857142857142858
17ca9b9e9b9ef8fdb529001b49ebb50f,113,11,0.09734513274336283,0.10377358490566038
1f9ab4708f3056ede07124aad39a2554,76,10,0.13157894736842105,0.16666666666666666
1835b56ce799e6a4dc4eddc053f04066,380,10,0.02631578947368421,0.016556291390728478
c3867b4666c7d76867627c2f7fb22e21,223,10,0.04484304932735426,0.049689440993788817
7040e82f899a04d1b434b795a43b4617,204,10,0.049019607843137254,0.04864864864864865
688756f717c462a206ad854c5027a64a,73,10,0.136986301369863,0.136986301369863
3be634553519fb6536a03e1358e9fdc7,80,10,0.125,0.12698412698412698
522620dcb18a6b31cd7bdf73665113a9,172,10,0.05813953488372093,0.06201550387596899
822166ed1e47908f7cfb49946d03c726,62,9,0.14516129032258066,0.08
ccc4bbb5f32a6ab2b7066a4130f114e3,184,9,0.04891304347826087,0.046052631578947366
d98eec89afa3380e14463da2aabaea72,164,9,0.054878048780487805,0.056338028169014086
0c7533c71df861ec58ad7ff999ed0e8d,58,9,0.15517241379310345,0.16279069767441862
d13e50eaa47b4cbe9eb81465865d8cfc,67,9,0.13432835820895522,0.13432835820895522
1da3aeb70d7989d1e6d9b0e887f97c23,257,9,0.03501945525291829,0.04035874439461883
5d0363b33554b373851fc1622e4d5f3c,91,9,0.0989010989010989,0.08571428571428572
8d956fec2e4337affcb520f56fd8cbfd,209,9,0.0430622009569378,0.05806451612903226
99eaacc9e6046db1c82b163c5f84869f,64,9,0.140625,0.12698412698412698
440dd6ab244315c632130ecfb63827b1,93,9,0.0967741935483871,0.1125
b17b679f4f5ce2e03ce6968c62648246,50,9,0.18,0.20454545454545456
8f119a0aee85c0c8fc534629734e94fd,74,9,0.12162162162162163,0.1232876712328767
9e6229250fedbe05838fef417b74e7fb,68,9,0.1323529411764706,0.09375
37be5a7c751166fbc5f8ccba4119e043,272,9,0.03308823529411765,0.02973977695167286
4a3ccda38b2129705f3fb522db62ca31,61,9,0.14754098360655737,0.14285714285714285
955fee9216a65b617aa5c0531780ce60,1276,9,0.007053291536050157,0.008678881388621022
de722cd6dad950a92b7d4f82673f8833,337,8,0.02373887240356083,0.02252252252252252
17f51e7198701186712e53a39c564617,55,8,0.14545454545454545,0.1509433962264151
cce6ab8d1682639fe45ab70234f1665f,62,8,0.12903225806451613,0.12903225806451613
b561927807645834b59ef0d16ba55a24,82,8,0.0975609756097561,0.07692307692307693
ca3bd7cd9f149df75950150d010fe4a2,70,8,0.11428571428571428,0.14035087719298245
41b39e28db005d9731d9d485a83b4c38,180,8,0.044444444444444446,0.047619047619047616
5a8e7d5003a1f221f9e1d6e411de7c23,127,8,0.06299212598425197,0.06722689075630252
8f2ce03f928b567e3d56181ae20ae952,153,8,0.05228758169934641,0.032520325203252036
4e17c65a516f69d023a2ae78b84f28d6,61,8,0.13114754098360656,0.1320754716981132
5656537e588803a555b8eb41f07a944b,171,8,0.04678362573099415,0.04225352112676056
609e1a9a6c2539919b8205cf7c4e6ff0,78,8,0.10256410256410256,0.1076923076923077
8b28d096634035667e8263d57ba3368c,138,8,0.057971014492753624,0.04132231404958678
066a6914e1ebf3ea95a216c73a986b91,65,8,0.12307692307692308,0.09615384615384616
0241d4d5d36f10f80c644447315af0bd,224,8,0.03571428571428571,0.04419889502762431
f457c46070d02cadd8a68551231220dd,173,7,0.04046242774566474,0.013888888888888888
9b013e03b2ab786505a1d3b5c0756754,169,7,0.04142011834319527,0.03355704697986577
562fc2f2c2863ab7e79a9e4388a58a14,253,7,0.02766798418972332,0.028089887640449437
0be8ff43f22e456b4e0371b2245e4d01,153,7,0.0457516339869281,0.04065040650406504
d94a40fd42351c259927028d163af842,94,7,0.07446808510638298,0.06172839506172839
2a7dc43cecabf23403078e2188437d1d,50,7,0.14,0.13157894736842105
2e90cb1677d35cfe24eef47d441b7c87,126,7,0.05555555555555555,0.0673076923076923
a5cba26a62b8b4d0145b68b841e62e7f,54,7,0.12962962962962962,0.17142857142857143
fcb5ace8bcc92f75707dc0f01a27d269,59,7,0.11864406779661017,0.14
c9c7905cffc4ef9ff9f113554423e671,125,6,0.048,0.05555555555555555
530ec6109d11eaaf87999465c6afee01,95,6,0.06315789473684211,0.07407407407407407
056b4ada5bbc2c50cc7842547dda6b51,65,6,0.09230769230769231,0.1016949152542373
5f1dc28029d2c244352a68107ec2b542,60,6,0.1,0.11320754716981132
643214e62b870443ccbe55ab29a4dccf,65,6,0.09230769230769231,0.07272727272727272
06e5eefc71ec47ae763c5c6f8db7064f,88,6,0.06818181818181818,0.02857142857142857
59b22a78efb79a4797979612b885db36,123,6,0.04878048780487805,0.04081632653061224
aac29b1b99776be73c3049939652091d,95,6,0.06315789473684211,0.06451612903225806
b92e3c8f9738272ff7c59e111e108d7c,59,6,0.1016949152542373,0.10714285714285714
ba143b05f0110f0dc71ad71b4466ce92,84,6,0.07142857142857142,0.07142857142857142
dbb9b48c841a0e39e21f98e1a6b2ec3e,103,6,0.05825242718446602,0.061855670103092786
e882b2a25a10b9c057cc49695f222c19,57,6,0.10526315789473684,0.13333333333333333
aafe36600ce604f205b86b5084d3d767,127,6,0.047244094488188976,0.05128205128205128
282f23a9769b2690c5dda22e316f9941,98,6,0.061224489795918366,0.024691358024691357
2a84855fd20af891be03bc5924d2b453,161,6,0.037267080745341616,0.022222222222222223
5c243662ce92d84573bfaff24c3e3700,98,5,0.05102040816326531,0.041237113402061855
6edacfd9f9074789dad6d62ba7950b9c,199,5,0.02512562814070352,0.02717391304347826
966cb4760537b1404caedd472cc610a5,74,5,0.06756756756756757,0.03076923076923077
f3da5b2ff499efb8d4a6d371d175d7dd,75,5,0.06666666666666667,0.078125
77530e9772f57a62c906e1c21538ab82,305,5,0.01639344262295082,0.02032520325203252
7ad32824caee82087b3e2e5f33b1bf32,144,5,0.034722222222222224,0.04310344827586207
7299e27ed73d2ad986de7f7c77d919fa,332,5,0.015060240963855422,0.01557632398753894
54a1852d1b8f10312c55e906355666ee,199,5,0.02512562814070352,0.031055900621118012
23d7c96d4a1160db1c726b248601b25a,50,5,0.1,0.11904761904761904
9674754b5a0cb32b638cec001178f799,84,5,0.05952380952380952,0.014285714285714285
ff063b022a9a0aab91bad2c9088760b7,91,5,0.054945054945054944,0.05263157894736842
b76dba6c951ab00dc4edf0a1aa88037e,159,5,0.031446540880503145,0.033112582781456956
a1043bafd471dff536d0c462352beb48,710,5,0.007042253521126761,0.00865051903114187
34056b8b55c1775a22af2331670a799c,78,5,0.0641025641025641,0.07246376811594203
dbc22125167c298ef99da25668e1011f,392,5,0.012755102040816327,0.013550135501355014
d1c281d3ae149232351cd8c8cc885f0d,193,5,0.025906735751295335,0.016853932584269662
0b90b6df587eb83608a64ea8b390cf07,159,5,0.031446540880503145,0.047619047619047616
18a349e75d307f4b4cc646a691ed4216,107,5,0.04672897196261682,0.043478260869565216
25e6ffe976bd75618accfe16cefcbd0d,104,5,0.04807692307692308,0.05102040816326531
4830e40640734fc1c52cd21127c341d4,200,5,0.025,0.027972027972027972
cbd996ad3c1b7dc71fd0e5f5df9087e2,164,5,0.03048780487804878,0.04065040650406504
1554a68530182680ad5c8b042c3ab563,243,5,0.0205761316872428,0.02262443438914027
2e1c9f22be269ef4643f826c9e650a52,164,5,0.03048780487804878,0.037037037037037035
ce27a3cc3c8cc1ea79d11e561e9bebb6,124,4,0.03225806451612903,0.03225806451612903
bd23da7354813347129d751591d1a6e2,86,4,0.046511627906976744,0.05128205128205128
aba1721a889e04decc910aa13b768ef4,81,4,0.04938271604938271,0.05555555555555555
8a32e327fe2c1b3511609d81aaf9f042,126,4,0.031746031746031744,0.032520325203252036
834f3294fba9f932f56edc879193f925,65,4,0.06153846153846154,0.06557377049180328
7008613ea464bad5cb9b83456e1e6a8f,127,4,0.031496062992125984,0.0392156862745098
813348c996469b40f2e028d5429d3495,176,4,0.022727272727272728,0.024242424242424242
640e21a7d01df7614a3b4923e990d40c,106,4,0.03773584905660377,0.0380952380952381
0509040ea3fe50071181bbc359eb7738,89,4,0.0449438202247191,0.04
ea566164622c6b439516ab18062c42cd,50,4,0.08,0.11764705882352941
f214d28e8d8e3ef068748498ccc2f813,52,4,0.07692307692307693,0.0851063829787234
ebd2d60905fb58271facef5596b620d3,82,4,0.04878048780487805,0.05
e59aa562b9f8076dd550fcddf0e73491,70,4,0.05714285714285714,0.022222222222222223
e26901d5ab434ce92fd9b5c256820a4e,197,4,0.02030456852791878,0.02030456852791878
e5a38146df062edaf55c38afa99e42dc,120,4,0.03333333333333333,0.041237113402061855
de23c3b98a88888289c6f5cc1209054a,160,4,0.025,0.014084507042253521
1336efc61c316ddf92c899eb817f7cae,66,4,0.06060606060606061,0.06666666666666667
70eea00b476a314817cefde4aad4f89a,106,4,0.03773584905660377,0.043478260869565216
9616352088dcf83a7c06637f4ebf1c80,92,4,0.043478260869565216,0.043478260869565216
527801b552d0077ffd170872eb49683b,90,4,0.044444444444444446,0.036585365853658534
9de4643a8dbde634fe55621059d92273,71,4,0.056338028169014086,0.03076923076923077
8cbac7e12637ed9cffa18c7875207478,65,4,0.06153846153846154,0.03636363636363636
612170e34b97004b3ba37eae81836b4c,106,3,0.02830188679245283,0.02830188679245283
669ae81880e08f269a64487cfb287169,159,3,0.018867924528301886,0.023076923076923078
4e7c18b98d84e05cbae3ff0ff03846c2,81,3,0.037037037037037035,0.04054054054054054
80e6699fe29150b372a0c8a1ebf7dcc8,96,3,0.03125,0.03409090909090909
6a8b085f816a1f75f92dbac6eb545f8f,125,3,0.024,0.010309278350515464
8a130737016f838139d31878787a39c9,56,3,0.05357142857142857,0.08571428571428572
f262cbc1c910c83959f849465454ddd3,191,3,0.015706806282722512,0.015873015873015872
81a1104df0f08b59c68aa5b03cfe398e,73,3,0.0410958904109589,0.0
4371b634e0efc0e22b09b52907d9d469,99,3,0.030303030303030304,0.029411764705882353
3c7c4a49ec3c6550809089c6a2ca9370,137,3,0.021897810218978103,0.009009009009009009
ceaec5548eefc6e23e6607c5435102e7,202,3,0.01485148514851485,0.0136986301369863
1e8b33f18b4f7598d87f5cbee2282cc2,118,3,0.025423728813559324,0.031578947368421054
11bfa66332777660bd0640ee84d47006,76,3,0.039473684210526314,0.03773584905660377
c6bda72e4dbf5c5866b13cb1810c6d03,55,3,0.05454545454545454,0.07142857142857142
d6b1ce66b035a475f00c017792ff9769,88,3,0.03409090909090909,0.034482758620689655
fffd5413c0700ac820c7069d66d98c89,56,3,0.05357142857142857,0.07142857142857142
1127b7f2594683f2510f1c2c834a486b,108,3,0.027777777777777776,0.0196078431372549
fd386aa7bed2af3c7035c65506c9b4a3,65,3,0.046153846153846156,0.04918032786885246
0ea22c1cfbdc755f86b9b54b39c16043,221,3,0.013574660633484163,0.00975609756097561
7ddcbb64b5bc1ef36ca8c151f6ec77df,330,3,0.00909090909090909,0.01020408163265306
c3cfdc648177fdbbbb35635a37472c53,273,3,0.01098901098901099,0.012295081967213115
2b3e4a2a3ea8e01938cabda2a3e5cc79,51,3,0.058823529411764705,0.0625
aaed1309374718fdd995ee4c58c9dfcd,104,3,0.028846153846153848,0.030303030303030304
a3a38f4affed601eb87a97788c949667,249,3,0.012048192771084338,0.012448132780082987
06579cb253ecd5a3a12a9e6eb6bf8f47,61,3,0.04918032786885246,0.05555555555555555
744dac408745240a2c2528fb1b6028f3,78,3,0.038461538461538464,0.043478260869565216
f84a00e60c73a49e7e851c9bdca3a5bb,89,3,0.033707865168539325,0.039473684210526314
cc63f0dd2acba93ffed4fe9f8e0321fa,55,3,0.05454545454545454,0.05454545454545454
2c9e548be18521d1c43cde1c582c6de8,125,3,0.024,0.012195121951219513
080199a181c46c657dc5aa235411be3b,79,2,0.02531645569620253,0.03571428571428571
3b15288545f8928d3e65a8f949a28291,98,2,0.02040816326530612,0.011904761904761904
d921b68bf747894be13a97ae52b0f386,76,2,0.02631578947368421,0.02631578947368421
dee656f0f566ed1aa85bd137c943f08f,90,2,0.022222222222222223,0.02564102564102564
dc317f341ab0e22f39acbd9dbf9b4a1f,54,2,0.037037037037037035,0.037037037037037035
db4350fd57ae30082dec7acbaacc17f9,129,2,0.015503875968992248,0.01680672268907563
01cf7e3d21494c41fb86034f2e714fa1,61,2,0.03278688524590164,0.03571428571428571
8648b1e89e9b349e32d3741b30ec737e,93,2,0.021505376344086023,0.03125
86ccac0b835037332a596a33b6949ee1,170,2,0.011764705882352941,0.006369426751592357
8bb48dc19fccaa8613b6229bf7f452a2,79,2,0.02531645569620253,0.01694915254237288
4992e76a42cb3aad7a7047e0d3d7e729,53,2,0.03773584905660377,0.041666666666666664
7202e2ba20579a9bd1acb29e61fe71f6,53,2,0.03773584905660377,0.044444444444444446
f7ba60f8c3f99e7ee4042fdef03b70c4,214,2,0.009345794392523364,0.00641025641025641
f7720c4fa8e3aba4546301ab80ea1f1b,58,2,0.034482758620689655,0.024390243902439025
7722b1df1b0e383e000397b2c11e3e19,127,2,0.015748031496062992,0.017241379310344827
7681ef142fd2c19048da7430856b5588,57,2,0.03508771929824561,0.04
715bbd5ba4e6b74cb0d2f29eb45058b0,60,2,0.03333333333333333,0.038461538461538464
729f06993dac8e860d4f02d7088ca48a,93,2,0.021505376344086023,0.024390243902439025
520b493b57809f446cb0a233bb3e25c7,62,2,0.03225806451612903,0.03225806451612903
8c16d1f32a54d92897cc437244442e1b,106,2,0.018867924528301886,0.025
4c18691b6037662be2df78a765d98ab5,62,2,0.03225806451612903,0.03389830508474576
0df3984f9dfb3d49ac6366acbd3bbb85,84,2,0.023809523809523808,0.0196078431372549
33a6f4b1e7cdc205511e76ba1b6e0186,100,2,0.02,0.02666666666666667
9f505651f4a6abe901a56cdc21508025,394,2,0.005076142131979695,0.0058309037900874635
b4ffb71f0cb1b1c3d63fad021ecf93e1,140,2,0.014285714285714285,0.01652892561983471
ce248b21cb2adc36282ede306b7660e5,60,2,0.03333333333333333,0.046511627906976744
ce7d1888639e6fb06b2749cbfdac1ff7,73,2,0.0273972602739726,0.03508771929824561
2ff97219cb8622eaf3cd89b7d9c09824,86,2,0.023255813953488372,0.029850746268656716
c003204e1ab016dfa150abc119207b24,196,2,0.01020408163265306,0.006666666666666667
aced59e9b31ef866a94f9e7f29d8d418,57,2,0.03508771929824561,0.038461538461538464
7e1fb0a3ebfb01ffb3a7dae98bf3238d,158,2,0.012658227848101266,0.016
709e16e2b25c7474d980076c6bfc4806,59,2,0.03389830508474576,0.0
76d64c4aca3a7baf218bf93ef7fa768d,61,1,0.01639344262295082,0.0
f7ccf836d21b2fb1de37564105216cc1,67,1,0.014925373134328358,0.0196078431372549
05ff92fedb5be47920fea08e501238b9,59,1,0.01694915254237288,0.017857142857142856
f3b80352b986ab4d1057a4b724be19d0,87,1,0.011494252873563218,0.011627906976744186
048c2757535328e0d7dac690ad3c0aae,51,1,0.0196078431372549,0.023255813953488372
0432ead42b6c8a0bdf68154add917fdf,78,1,0.01282051282051282,0.013513513513513514
750303a20e9c56b2a6bc45cdce0b897d,54,1,0.018518518518518517,0.0
d50d79cb34e38265a8649c383dcffd48,68,1,0.014705882352941176,0.014925373134328358
00ee68308b45bc5e2660cd833c3f81cc,130,1,0.007692307692307693,0.010416666666666666
fc906263ca5083d09dce42fe02247800,113,1,0.008849557522123894,0.008849557522123894
080102cd0a76b09e0dcf55fcacc60e05,121,1,0.008264462809917356,0.00980392156862745
e333046ce6517bd8bb510291d44f0130,66,1,0.015151515151515152,0.01818181818181818
ececbfcff9804a2d6b40f589df8eef2b,96,1,0.010416666666666666,0.011627906976744186
5cf13accae3222c70a9cac40818ae839,143,1,0.006993006993006993,0.008130081300813009
6860153b69cc696d5dcfe1cdaaafcf62,74,1,0.013513513513513514,0.015151515151515152
670c26e0f1bf8d0576271d5cfaec6d2b,77,1,0.012987012987012988,0.022727272727272728
8a432f4e5b471f8da497d7dc517666e2,89,1,0.011235955056179775,0.011235955056179775
5f2684dab12e59f83bef73ae57724e45,67,1,0.014925373134328358,0.017241379310344827
7b07b3c7487f0ea825fc6df75abd658b,91,1,0.01098901098901099,0.0125
7e3f87d16fb353f408d467e74fbd8014,91,1,0.01098901098901099,0.014705882352941176
7ea5bfa6c340f58f8e71fc1f0412b0d6,94,1,0.010638297872340425,0.0
7d456afc660226829370f3173d14520c,51,1,0.0196078431372549,0.02702702702702703
951e8cef368f09bb3f3d03c00ca4702c,61,1,0.01639344262295082,0.01639344262295082
537eb890efff034a88679788b647c564,150,1,0.006666666666666667,0.008
8e8a7ce9f2f970dc00e2acf6f6e199f6,65,1,0.015384615384615385,0.0
f45122a9ab94eb4f3f8953578bc0c560,181,1,0.0055248618784530384,0.0
91f848e9f4be368f4318775aac733370,63,1,0.015873015873015872,0.015873015873015872
5343d0649eca2a983820bfe93fc4d17e,62,1,0.016129032258064516,0.02857142857142857
9646c3513289980f17226a2fc4720dbd,69,1,0.014492753623188406,0.014705882352941176
9d4db00d65d7760644ac0c14edb5fd86,98,1,0.01020408163265306,0.012345679012345678
febab0275244b9a49a623f0bd613ca2f,101,1,0.009900990099009901,0.011235955056179775
edb1ef5e36e0c8cd84eb3c9b003e486d,164,1,0.006097560975609756,0.0072992700729927005
0d85bbda9889ce1f7e63778d24f346eb,51,1,0.0196078431372549,0.0
1b4c3a6f53068f0b6944d2d005c9fc89,110,1,0.00909090909090909,0.00980392156862745
12b9676b00f60f3b700e83af21824c0e,134,1,0.007462686567164179,0.008333333333333333
d9bd94811c3338dceb4181f3dbc0c73e,54,1,0.018518518518518517,0.018518518518518517
229c3efbfb0ea2058de4ccdfbc3d784a,121,1,0.008264462809917356,0.008928571428571428
ac3508719a1d8f5b7614b798f70af136,101,1,0.009900990099009901,0.01098901098901099
d57e18d5f73c7ccb7f7339b61166898d,60,1,0.016666666666666666,0.0
d673a59aac7a70d8b01e6902bf090a11,70,1,0.014285714285714285,0.022222222222222223
d566c37fa119d5e66c4e9052e83ee4ea,64,1,0.015625,0.016129032258064516
dfa0c4c6229ab200a4a1336b4d7128ff,72,1,0.013888888888888888,0.013888888888888888
259f7b5e6e482c230e5bfaa670b6bb8f,133,1,0.007518796992481203,0.0
c33847515fa6305ce6feb1e818569f13,108,1,0.009259259259259259,0.009259259259259259
289cdb325fb7e7f891c38608bf9e0962,104,1,0.009615384615384616,0.010869565217391304
dbd66278cbfe1aa1000f90a217ca4695,83,1,0.012048192771084338,0.012987012987012988
b6d44737c043328708f6749c2dbe50bd,56,1,0.017857142857142856,0.022727272727272728
3078096983cf766a32a06257648502d1,57,1,0.017543859649122806,0.0196078431372549
bfd27a966d91cfaafdb25d076585f0da,116,1,0.008620689655172414,0.009433962264150943
3bdff180c7e1f6551a643b99c265a120,59,1,0.01694915254237288,0.02040816326530612
a17f621c590ea0fab3d5d883e1630ec6,58,1,0.017241379310344827,0.01818181818181818
b33e7c55446eabf8fe1a42d037ac7d6d,149,1,0.006711409395973154,0.008547008547008548
3df020b72d3d44b3af9d110fa3940b65,53,1,0.018867924528301886,0.020833333333333332
cb8bcce248bb1fb274ba762d8b971456,67,1,0.014925373134328358,0.0
6d803cb79cc31c41c4c789a75933b3c7,58,0,0.0,0.0
6cd68b3ed6d59aaa9fece558ad360c0a,145,0,0.0,0.0
6c7d50c24b3ccd2fd83b44d8bb34e073,104,0,0.0,0.0
725c32fa80c2faacc4fc88450d27314e,88,0,0.0,0.0
058fd0aa2bfdb2274e05e1ae971dabb6,60,0,0.0,0.0
01fdefa7697d26ad920e9e0346d4bd1b,128,0,0.0,0.0
05d2173d43ea568aa0540eba70d2ca76,62,0,0.0,0.0
850f4f8af5ea87287ac68de36e29107f,183,0,0.0,0.0
516e7738bd8f735ac19a010ee5450d8d,74,0,0.0,0.0
95e03ca3d4146e4011985981aeb959b9,171,0,0.0,0.0
57e632711dec9ec14ca7546769483e7e,60,0,0.0,0.0
582d4f8675b945722eda7c0cb61ba4c7,53,0,0.0,0.0
8ae520247981aa06bc94abddf5f46d34,65,0,0.0,0.0
5b925e1d006e9476d738aa200751b73b,63,0,0.0,0.0
6b243f80ed07b10f0e8aa0f21a205f3c,77,0,0.0,0.0
25cf099de44674fde97473224f9d59ab,50,0,0.0,0.0
376a891762bbdecbc02b4b6adec3fdda,57,0,0.0,0.0
3504c0cb71d7fa48d967e0e4c94d59d9,52,0,0.0,0.0
48162d548f5b1b11b9d29d1e01f75a61,65,0,0.0,0.0
a420f60ff1aa9acc80d0e42959f2b313,66,0,0.0,0.0
bd0389da23d89b726abf911cccc54596,86,0,0.0,0.0
c8b0e2b0a7095e5d8219575d5e7e1181,82,0,0.0,0.0
30a2f535bb48308f991d0b9ad4a8c4bb,66,0,0.0,0.0
b372ee768ed69e46ca8cdbd267aa7a38,63,0,0.0,0.0
d05ae8f7a5bd1d2a690a44cd079e4e27,75,0,0.0,0.0
2dee2ce60de9709b1a24083217181a1f,54,0,0.0,0.0
c864036feaab8c1659f65ea4faebe1da,58,0,0.0,0.0
d650b663c3b5f6fb392b6326366efa9a,59,0,0.0,0.0
1eade46fba20122dc4aefb379f8c636b,58,0,0.0,0.0
1b8356dabde1d35e17cef975c3f82730,56,0,0.0,0.0
d9a84e1403de8da0c3aa531d6d108ba6,52,0,0.0,0.0
d12c926d74ceff0a90a21184466ce161,75,0,0.0,0.0
1838dd9b8977065acf51d95e0053ea7a,64,0,0.0,0.0
116ccb1a1604bc88e4d234a8c23f33de,59,0,0.0,0.0
e24fc9fcd865784fb25705606fe3dfe7,52,0,0.0,0.0
08633c14ef2db992c11f840f04fad4cd,71,0,0.0,0.0
0bae85eb84b9fb3bd773911e89288d54,131,0,0.0,0.0
eeb6de78f79159600292e314a77cbd18,83,0,0.0,0.0
00fc707aaaad2d31347cf883cd2dfe10,98,0,0.0,0.0
004c9cd9d87a3c30c522c48c4fc07416,157,0,0.0,0.0
